,Country Name,Year,GDP
0,Bangladesh,1990,283.053737055234
1,Bangladesh,2000,396.670730249751
2,Bangladesh,2016,1649.28380858601
3,Bangladesh,2017,1811.08221668646
4,Bangladesh,2018,1965.24372731467
5,Bangladesh,2019,2129.79896954606
6,Bangladesh,2020,2248.85078828233
7,Bangladesh,2021,2482.84917843357
8,Bangladesh,2022,2716.48592780431
9,Bangladesh,2023,2551.01773827307
10,Bangladesh,2024,2593.41611680774
